{
	"info": {
		"_postman_id": "08bd7857-ee40-4b3a-9b28-726f0f4e0f47",
		"name": "EpiManagment EHR API",
		"schema": "https://schema.getpostman.com/json/collection/v2.1.0/collection.json"
	},
	"item": [
		{
			"name": "Test",
			"item": [
				{
					"name": "Authenticate",
					"request": {
						"auth": {
							"type": "noauth"
						},
						"method": "POST",
						"header": [
							{
								"key": "Content-Type",
								"value": "application/json",
								"type": "text"
							},
							{
								"key": "Accept-Encoding",
								"value": "application/gzip",
								"type": "text"
							},
							{
								"key": "Content-Type",
								"value": "application/x-www-form-urlencoded",
								"type": "text"
							},
							{
								"key": "grant_type",
								"value": "password",
								"type": "text"
							}
						],
						"body": {
							"mode": "raw",
							"raw": "{\r\n   \"username\":\"*****\", \r\n   \"password\":\"*****\"\r\n}\r\n"
						},
						"url": {
							"raw": "https://testaws.epilepsygroup.com/nereg.preprod/rest/GetConnectionToken",
							"protocol": "https",
							"host": [
								"testaws",
								"epilepsygroup",
								"com"
							],
							"path": [
								"nereg.preprod",
								"rest",
								"GetConnectionToken"
							]
						},
						"description": "Get Token"
					},
					"response": []
				},
				{
					"name": "SearchPatients",
					"request": {
						"auth": {
							"type": "noauth"
						},
						"method": "POST",
						"header": [
							{
								"key": "Content-Type",
								"value": "application/json",
								"type": "text"
							},
							{
								"key": "Accept-Encoding",
								"value": "application/gzip",
								"type": "text"
							},
							{
								"key": "Content-Type",
								"value": "application/x-www-form-urlencoded",
								"type": "text"
							}
						],
						"body": {
							"mode": "raw",
							"raw": "{\r\n   \"token\":\"xxxxxxxxxxxxxxxxxxxxx\", \r\n   \"fname\":\"first name\",\r\n   \"lname\":\"last name\",\r\n   \"dob\":\"yyyy-mm-dd\",\r\n   \"genre\":\"M\"\r\n}\r\n"
						},
						"url": {
							"raw": "https://testaws.epilepsygroup.com/nereg.preprod/rest/GetPatientsList",
							"protocol": "https",
							"host": [
								"testaws",
								"epilepsygroup",
								"com"
							],
							"path": [
								"nereg.preprod",
								"rest",
								"GetPatientsList"
							]
						},
						"description": "Get Token"
					},
					"response": []
				},
				{
					"name": "SearchEncounters",
					"request": {
						"auth": {
							"type": "noauth"
						},
						"method": "POST",
						"header": [
							{
								"key": "Content-Type",
								"value": "application/json",
								"type": "text"
							},
							{
								"key": "Accept-Encoding",
								"value": "application/gzip",
								"type": "text"
							},
							{
								"key": "Content-Type",
								"value": "application/x-www-form-urlencoded",
								"type": "text"
							}
						],
						"body": {
							"mode": "raw",
							"raw": "{\r\n   \"token\":\"xxxxxxxxxxxxxxxxxxxxxxxxx\", \r\n   \"patientid\":\"1\",\r\n   \"fromdate\":\"2021-08-01\",\r\n   \"todate\":\"2021-08-30\"\r\n}"
						},
						"url": {
							"raw": "https://testaws.epilepsygroup.com/nereg.preprod/rest/GetEncounters",
							"protocol": "https",
							"host": [
								"testaws",
								"epilepsygroup",
								"com"
							],
							"path": [
								"nereg.preprod",
								"rest",
								"GetEncounters"
							]
						},
						"description": "Get Token"
					},
					"response": []
				},
				{
					"name": "FetchCCDA",
					"request": {
						"auth": {
							"type": "noauth"
						},
						"method": "POST",
						"header": [
							{
								"key": "Content-Type",
								"value": "application/json",
								"type": "text"
							},
							{
								"key": "Accept-Encoding",
								"value": "application/gzip",
								"type": "text"
							},
							{
								"key": "Content-Type",
								"value": "application/x-www-form-urlencoded",
								"type": "text"
							}
						],
						"body": {
							"mode": "raw",
							"raw": "{\r\n\"token\":\"xxxxxxxxxxxxxx\", \r\n\"patientid\":\"1\",\r\n\"encounterid\":\"1\", \r\n\"referrals\":\"true\", \r\n\"medications\":\"true\", \r\n\"careplan\":\"true\",\r\n\"chiefcomplaint\":\"true\", \r\n\"functionalstatus\":\"true\", \r\n\"socialhistory\":\"true\", \r\n\"immunizations\":\"true\", \r\n\"encounterdiagnosis\":\"true\",\r\n\"results\":\"true\", \r\n\"vitalsigns\":\"true\", \r\n\"dischargeinstructions\":\"true\", \r\n\"problems\":\"true\", \r\n\"healthconcerns\":\"true\", \r\n\"allergies\":\"true\",\r\n\"goals\":\"true\", \r\n\"procedures\":\"true\", \r\n\"assesments\":\"true\", \r\n\"mentalstatus\":\"true\"\r\n}\r\n",
							"options": {
								"raw": {
									"language": "json"
								}
							}
						},
						"url": {
							"raw": "https://testaws.epilepsygroup.com/nereg.preprod/rest/GetEncounterCCDA",
							"protocol": "https",
							"host": [
								"testaws",
								"epilepsygroup",
								"com"
							],
							"path": [
								"nereg.preprod",
								"rest",
								"GetEncounterCCDA"
							]
						},
						"description": "Get Token"
					},
					"response": []
				}
			]
		},
		{
			"name": "Production",
			"item": [
				{
					"name": "Authenticate",
					"request": {
						"auth": {
							"type": "noauth"
						},
						"method": "POST",
						"header": [
							{
								"key": "Content-Type",
								"value": "application/json",
								"type": "text"
							},
							{
								"key": "Accept-Encoding",
								"value": "application/gzip",
								"type": "text"
							},
							{
								"key": "Content-Type",
								"value": "application/x-www-form-urlencoded",
								"type": "text"
							},
							{
								"key": "grant_type",
								"value": "password",
								"type": "text"
							}
						],
						"body": {
							"mode": "raw",
							"raw": "{\r\n   \"username\":\"*****\", \r\n   \"password\":\"*****\"\r\n}"
						},
						"url": {
							"raw": "https://neregaws.epilepsygroup.com/nereg.prod/rest/GetConnectionToken",
							"protocol": "https",
							"host": [
								"neregaws",
								"epilepsygroup",
								"com"
							],
							"path": [
								"nereg.prod",
								"rest",
								"GetConnectionToken"
							]
						},
						"description": "Get Token"
					},
					"response": []
				},
				{
					"name": "SearchPatients",
					"request": {
						"auth": {
							"type": "noauth"
						},
						"method": "POST",
						"header": [
							{
								"key": "Content-Type",
								"value": "application/json",
								"type": "text"
							},
							{
								"key": "Accept-Encoding",
								"value": "application/gzip",
								"type": "text"
							},
							{
								"key": "Content-Type",
								"value": "application/x-www-form-urlencoded",
								"type": "text"
							}
						],
						"body": {
							"mode": "raw",
							"raw": "{\r\n   \"token\":\"xxxxxxxxxxxxxxxxxxxxx\", \r\n   \"fname\":\"first name\",\r\n   \"lname\":\"last name\",\r\n   \"dob\":\"yyyy-mm-dd\",\r\n   \"genre\":\"M\"\r\n}"
						},
						"url": {
							"raw": "https://neregaws.epilepsygroup.com/nereg.prod/rest/GetPatientsList",
							"protocol": "https",
							"host": [
								"neregaws",
								"epilepsygroup",
								"com"
							],
							"path": [
								"nereg.prod",
								"rest",
								"GetPatientsList"
							]
						},
						"description": "Get Token"
					},
					"response": []
				},
				{
					"name": "SearchEncounters",
					"request": {
						"auth": {
							"type": "noauth"
						},
						"method": "POST",
						"header": [
							{
								"key": "Content-Type",
								"value": "application/json",
								"type": "text"
							},
							{
								"key": "Accept-Encoding",
								"value": "application/gzip",
								"type": "text"
							},
							{
								"key": "Content-Type",
								"value": "application/x-www-form-urlencoded",
								"type": "text"
							}
						],
						"body": {
							"mode": "raw",
							"raw": "{\r\n   \"token\":\"xxxxxxxxxxxxxxxxxxxxxxxxx\", \r\n   \"patientid\":\"1\",\r\n   \"fromdate\":\"2021-08-01\",\r\n   \"todate\":\"2021-08-30\"\r\n}"
						},
						"url": {
							"raw": "https://neregaws.epilepsygroup.com/nereg.prod/rest/GetEncounters",
							"protocol": "https",
							"host": [
								"neregaws",
								"epilepsygroup",
								"com"
							],
							"path": [
								"nereg.prod",
								"rest",
								"GetEncounters"
							]
						},
						"description": "Get Token"
					},
					"response": []
				},
				{
					"name": "FetchCCDA",
					"request": {
						"auth": {
							"type": "noauth"
						},
						"method": "POST",
						"header": [
							{
								"key": "Content-Type",
								"value": "application/json",
								"type": "text"
							},
							{
								"key": "Accept-Encoding",
								"value": "application/gzip",
								"type": "text"
							},
							{
								"key": "Content-Type",
								"value": "application/x-www-form-urlencoded",
								"type": "text"
							}
						],
						"body": {
							"mode": "raw",
							"raw": "{\r\n\"token\":\"xxxxxxxxxxxxxx\", \r\n\"patientid\":\"1\",\r\n\"encounterid\":\"1\", \r\n\"referrals\":\"true\", \r\n\"medications\":\"true\", \r\n\"careplan\":\"true\",\r\n\"chiefcomplaint\":\"true\", \r\n\"functionalstatus\":\"true\", \r\n\"socialhistory\":\"true\", \r\n\"immunizations\":\"true\", \r\n\"encounterdiagnosis\":\"true\",\r\n\"results\":\"true\", \r\n\"vitalsigns\":\"true\", \r\n\"dischargeinstructions\":\"true\", \r\n\"problems\":\"true\", \r\n\"healthconcerns\":\"true\", \r\n\"allergies\":\"true\",\r\n\"goals\":\"true\", \r\n\"procedures\":\"true\", \r\n\"assesments\":\"true\", \r\n\"mentalstatus\":\"true\"\r\n}",
							"options": {
								"raw": {
									"language": "json"
								}
							}
						},
						"url": {
							"raw": "https://neregaws.epilepsygroup.com/nereg.prod/rest/GetEncounterCCDA",
							"protocol": "https",
							"host": [
								"neregaws",
								"epilepsygroup",
								"com"
							],
							"path": [
								"nereg.prod",
								"rest",
								"GetEncounterCCDA"
							]
						},
						"description": "Get Token"
					},
					"response": []
				}
			]
		}
	]
}